{
  "runs" : {
    "-LzhgLPTnKjjF0N71Srt" : {
      "coords" : [ [ 47.62909798208844, -122.35887432171046 ], [ 47.62903472356163, -122.34639021647797 ], [ 47.62330950987203, -122.34404358015608 ], [ 47.621917650468276, -122.35089575821601 ] ],
      "endTime" : 1580240824021,
      "startTime" : 1580240819961,
      "userId" : "4rDgurUubMXTv1XzBgE55sTWP702"
    },
    "-LzhgPKnXF0ul3cWZFea" : {
      "coords" : [ [ 47.61479960833316, -122.3410868183905 ], [ 47.61002206776507, -122.34226013655145 ], [ 47.6102435528033, -122.34671874556307 ], [ 47.614135208290406, -122.34803286190333 ], [ 47.616033471730674, -122.3433395892595 ] ],
      "endTime" : 1580240840112,
      "startTime" : 1580240835771,
      "userId" : "4rDgurUubMXTv1XzBgE55sTWP702"
    },
    "-LzhheI0NHiqVlDQoIU4" : {
      "coords" : [ [ 47.6123001547941, -122.3454046292228 ], [ 47.6152108993673, -122.3453107637699 ], [ 47.6152108993673, -122.33958497114446 ], [ 47.61087636202987, -122.33958497114446 ], [ 47.60989550446493, -122.34324572380662 ], [ 47.612205236482424, -122.34573315830784 ] ],
      "endTime" : 1580241167773,
      "startTime" : 1580241163498,
      "userId" : "4rDgurUubMXTv1XzBgE55sTWP702"
    },
    "-LzhhhUUyW0s-JAdWV-y" : {
      "coords" : [ [ 47.60938924820164, -122.3648347779681 ], [ 47.6132493284353, -122.36746301064863 ], [ 47.6159385601953, -122.3664774233934 ], [ 47.615369087365224, -122.36126789075878 ], [ 47.612173597006944, -122.36126789075878 ], [ 47.6097056589405, -122.36215961256113 ], [ 47.609547453810364, -122.3648347779681 ], [ 47.604516281093396, -122.35361785634944 ], [ 47.604421348654625, -122.36154948711743 ], [ 47.605465596005246, -122.36760380882791 ], [ 47.61008534930028, -122.3699035124234 ], [ 47.611793921807816, -122.36910565607394 ], [ 47.61226851537603, -122.3651163743267 ], [ 47.6093576070225, -122.3648347779681 ] ],
      "endTime" : 1580241180862,
      "startTime" : 1580241171409,
      "userId" : "4rDgurUubMXTv1XzBgE55sTWP702"
    },
    "-Lzi1hogfpC2JPvz7KET" : {
      "coords" : [ [ 47.616305883003776, -122.36206124969084 ], [ 47.62139356677028, -122.36143226410984 ], [ 47.62054565385628, -122.35852925373572 ], [ 47.61444679813198, -122.35480372375562 ], [ 47.61102199508113, -122.35625522894269 ], [ 47.611967915485536, -122.36554486213979 ], [ 47.6152621943711, -122.36554486213979 ] ],
      "endTime" : 1580246687039,
      "startTime" : 1580246681865,
      "userId" : "4rDgurUubMXTv1XzBgE55sTWP702"
    }
  },
  "territories" : {
    "-LzhgLTqYVl3FSyK7ZkU" : {
      "coords" : [ [ 47.62909798208844, -122.35887432171046 ], [ 47.62903472356163, -122.34639021647797 ], [ 47.62330950987203, -122.34404358015608 ], [ 47.621917650468276, -122.35089575821601 ] ],
      "dateCreated" : 1580240824306,
      "dateModified" : 1580240824306,
      "userId" : "4rDgurUubMXTv1XzBgE55sTWP702"
    },
    "-LzhheMCaLHNVWSJuV5v" : {
      "coords" : [ [ 47.6123001547941, -122.3454046292228 ], [ 47.6152108993673, -122.3453107637699 ], [ 47.6152108993673, -122.33958497114446 ], [ 47.61087636202987, -122.33958497114446 ], [ 47.60989550446493, -122.34324572380662 ], [ 47.612205236482424, -122.34573315830784 ] ],
      "dateCreated" : 1580241168045,
      "dateModified" : 1580241168045,
      "userId" : "4rDgurUubMXTv1XzBgE55sTWP702"
    },
    "-Lzi1hsI8FgtseU5wrrT" : {
      "coords" : [ [ 47.616305883003776, -122.36206124969084 ], [ 47.62139356677028, -122.36143226410984 ], [ 47.62054565385628, -122.35852925373572 ], [ 47.61444679813198, -122.35480372375562 ], [ 47.61102199508113, -122.35625522894269 ], [ 47.611967915485536, -122.36554486213979 ], [ 47.6152621943711, -122.36554486213979 ] ],
      "dateCreated" : 1580246687276,
      "dateModified" : 1580246687276,
      "userId" : "4rDgurUubMXTv1XzBgE55sTWP702"
    }
  },
  "users" : {
    "4rDgurUubMXTv1XzBgE55sTWP702" : {
      "color" : "#445FAD",
      "email" : "user1@test.com",
      "name" : "User1",
      "photoURL" : "http://cdn.onlinewebfonts.com/svg/img_184513.png",
      "totalDistance" : 0,
      "uid" : "4rDgurUubMXTv1XzBgE55sTWP702",
      "userName" : "Anonymous User"
    },
    "LDAbdkCMMCMalzumtLJ3G95Rjet1" : {
      "color" : "#445FAD",
      "email" : "user2@test.com",
      "name" : "User2",
      "photoURL" : "http://cdn.onlinewebfonts.com/svg/img_184513.png",
      "totalDistance" : 0,
      "uid" : "LDAbdkCMMCMalzumtLJ3G95Rjet1",
      "userName" : "Anonymous User"
    },
    "TXhSxP9s5cerQGLe6jZKMC4tl7k1" : {
      "color" : "#445FAD",
      "email" : "user3@test.com",
      "name" : "User 3",
      "photoURL" : "http://cdn.onlinewebfonts.com/svg/img_184513.png",
      "totalDistance" : 0,
      "uid" : "TXhSxP9s5cerQGLe6jZKMC4tl7k1",
      "userName" : "Anonymous User"
    },
    "jFkiMvNFOgQ1UcCD3MHrzLzGVv12" : {
      "color" : "#445FAD",
      "email" : "benisin@gmail.com",
      "name" : "Benjamin Clark",
      "photoURL" : "https://graph.facebook.com/10221733313106919/picture",
      "totalDistance" : 0,
      "uid" : "jFkiMvNFOgQ1UcCD3MHrzLzGVv12",
      "userName" : "Anonymous User"
    }
  }
}
